{
  "0001.jpg": {
    "rotation": [
      94.14223431959644,
      3.579055237276641,
      26.570034030737
    ],
    "position": [
      3.168359405609479,
      -5.4794898611466945,
      -0.9791660699008925
    ],
    "timestamp": 0
  },
  "0002.jpg": {
    "rotation": [
      93.95337165013983,
      3.6586761731891233,
      26.648587488972478
    ],
    "position": [
      3.10241135906331,
      -5.5301731439147535,
      -0.9857969864289505
    ],
    "timestamp": 1
  },
  "0003.jpg": {
    "rotation": [
      93.81387656782829,
      3.704800455184533,
      26.633267193009356
    ],
    "position": [
      3.017086149029437,
      -5.55454634859005,
      -0.9958957729919625
    ],
    "timestamp": 2
  },
  "0004.jpg": {
    "rotation": [
      93.54743981108282,
      3.846783669026819,
      26.39881392907649
    ],
    "position": [
      2.939982126834849,
      -5.5548305057761,
      -0.9541802121868482
    ],
    "timestamp": 3
  },
  "0005.jpg": {
    "rotation": [
      93.16353685226896,
      4.138630255937276,
      26.245624717295733
    ],
    "position": [
      2.965044034047585,
      -5.554056308456009,
      -0.9083874492998657
    ],
    "timestamp": 4
  },
  "0006.jpg": {
    "rotation": [
      92.62568937371708,
      4.463405090731409,
      27.8899981274695
    ],
    "position": [
      3.135757170278751,
      -5.4692741205924005,
      -0.8917869594647908
    ],
    "timestamp": 5
  },
  "0007.jpg": {
    "rotation": [
      92.45200443688324,
      4.302616045579257,
      30.94650585692868
    ],
    "position": [
      3.347354449305425,
      -5.229885579254438,
      -0.9007175843019641
    ],
    "timestamp": 6
  },
  "0008.jpg": {
    "rotation": [
      92.62366256354485,
      3.5175671350034223,
      35.641811807482576
    ],
    "position": [
      3.7502291885811028,
      -4.933759588618602,
      -0.807624937654532
    ],
    "timestamp": 7
  },
  "0009.jpg": {
    "rotation": [
      92.83491515534281,
      2.557355132992355,
      39.88588500308748
    ],
    "position": [
      4.083280002533506,
      -4.638368466462858,
      -0.7286435126652613
    ],
    "timestamp": 8
  },
  "0012.jpg": {
    "rotation": [
      89.98026405518023,
      2.7073029407636517,
      49.26866761207412
    ],
    "position": [
      4.9333343331970925,
      -3.6736372477065413,
      -0.692646279501112
    ],
    "timestamp": 9
  },
  "0014.jpg": {
    "rotation": [
      90.8829739552323,
      3.735859843832412,
      57.028915804343896
    ],
    "position": [
      5.362953771891105,
      -3.0794378815726953,
      -0.6704779165572359
    ],
    "timestamp": 10
  },
  "0016.jpg": {
    "rotation": [
      91.93284009544423,
      3.585818360924736,
      69.62539626965466
    ],
    "position": [
      5.639885048014769,
      -2.679224620930034,
      -0.6582774295652742
    ],
    "timestamp": 11
  },
  "0017.jpg": {
    "rotation": [
      92.60614637995828,
      3.7020959642114617,
      71.52776263198771
    ],
    "position": [
      5.729511203575544,
      -2.4789297372121033,
      -0.6324296455637461
    ],
    "timestamp": 12
  },
  "0018.jpg": {
    "rotation": [
      92.29750458867112,
      2.2498845697850984,
      67.89105466422889
    ],
    "position": [
      5.726493428170318,
      -2.557930446293442,
      -0.6082314210739876
    ],
    "timestamp": 13
  },
  "0019.jpg": {
    "rotation": [
      91.26274156029697,
      1.1742889873125164,
      68.14229236198885
    ],
    "position": [
      5.604053833825201,
      -2.6656024257899205,
      -0.5608565107841773
    ],
    "timestamp": 14
  },
  "0021.jpg": {
    "rotation": [
      91.16380777867474,
      1.0250692754658999,
      75.88859883891612
    ],
    "position": [
      5.762790676535083,
      -1.6523248923327114,
      -0.6285860121925724
    ],
    "timestamp": 15
  },
  "0022.jpg": {
    "rotation": [
      93.70908347998731,
      0.48162738830685153,
      83.08404836213752
    ],
    "position": [
      5.861895956259538,
      -1.3000113087926182,
      -0.5588005706556408
    ],
    "timestamp": 16
  },
  "0024.jpg": {
    "rotation": [
      96.0776008424195,
      0.716007317623453,
      89.42076896436417
    ],
    "position": [
      5.91581458118724,
      -0.704469287429216,
      -0.5461810612626445
    ],
    "timestamp": 17
  },
  "0025.jpg": {
    "rotation": [
      96.3925164786394,
      1.5914036836363272,
      92.0051212608235
    ],
    "position": [
      5.944688656715711,
      -0.44564965436008386,
      -0.5954808821621682
    ],
    "timestamp": 18
  },
  "0026.jpg": {
    "rotation": [
      97.02784879338047,
      0.7809872105272239,
      95.1091773440827
    ],
    "position": [
      5.859800150997003,
      -0.23742625010198792,
      -0.6473954776007301
    ],
    "timestamp": 19
  },
  "0027.jpg": {
    "rotation": [
      97.65057889666693,
      -1.5189516830054104,
      98.1417424570897
    ],
    "position": [
      5.789785337951184,
      -0.11046086962564616,
      -0.6745655949469513
    ],
    "timestamp": 20
  },
  "0029.jpg": {
    "rotation": [
      99.07092116897408,
      -3.2761502890538146,
      100.39622581229831
    ],
    "position": [
      5.814554189330458,
      0.3768210427916312,
      -0.6969243876794464
    ],
    "timestamp": 21
  },
  "0030.jpg": {
    "rotation": [
      98.99262318428705,
      -3.802570969637235,
      103.29146311213704
    ],
    "position": [
      5.673959883113355,
      0.6256583842610444,
      -0.6971569823263823
    ],
    "timestamp": 22
  },
  "0031.jpg": {
    "rotation": [
      99.02559825719922,
      -4.1344445179440426,
      105.14780808206513
    ],
    "position": [
      5.587714032903619,
      0.7903601118504522,
      -0.6430825158980739
    ],
    "timestamp": 23
  },
  "0032.jpg": {
    "rotation": [
      99.56671554253474,
      -3.8145811041025333,
      106.09108618880302
    ],
    "position": [
      5.486618032291194,
      1.0579666681639508,
      -0.616592985233999
    ],
    "timestamp": 24
  },
  "0033.jpg": {
    "rotation": [
      101.253288702746,
      -3.481517751725962,
      105.47762586916588
    ],
    "position": [
      5.325489808029044,
      1.1685072754410428,
      -0.7071716973397435
    ],
    "timestamp": 25
  },
  "0034.jpg": {
    "rotation": [
      107.45599148061163,
      -4.611731734436963,
      102.70753809457987
    ],
    "position": [
      5.180868420443748,
      1.0893171188394182,
      -1.0340995475930854
    ],
    "timestamp": 26
  },
  "0035.jpg": {
    "rotation": [
      109.2188675134755,
      -7.022405660930549,
      97.99580134564481
    ],
    "position": [
      4.974080425224928,
      0.9469878630745994,
      -1.3390582615233206
    ],
    "timestamp": 27
  },
  "0039.jpg": {
    "rotation": [
      109.20599160560502,
      -12.844031083590384,
      83.37449269444156
    ],
    "position": [
      4.3132093982582616,
      0.3604302126612766,
      -2.3772859786363667
    ],
    "timestamp": 28
  },
  "0042.jpg": {
    "rotation": [
      113.453406077691,
      -18.697454660208564,
      72.11738133855391
    ],
    "position": [
      4.021358104203628,
      -0.5794743696045801,
      -2.600039029199357
    ],
    "timestamp": 29
  },
  "0044.jpg": {
    "rotation": [
      111.15522644321976,
      -23.38661073879316,
      66.19264557240284
    ],
    "position": [
      3.712155532674243,
      -1.1155756026398884,
      -2.662871587059125
    ],
    "timestamp": 30
  },
  "0045.jpg": {
    "rotation": [
      111.58121990750404,
      -24.643036808086595,
      60.9224013450841
    ],
    "position": [
      3.5198967092031177,
      -1.4312053406567289,
      -2.6278007092994544
    ],
    "timestamp": 31
  },
  "0046.jpg": {
    "rotation": [
      112.04819009074257,
      -24.642647578829926,
      53.476966656924624
    ],